platform,post
linkedin,Week 1: Blog Writing Automation is live — Generates SEO blog drafts from niche keywords and weekly content themes.
x,Auto-stack update: Blog Writing Automation now outputs markdown post draft
linkedin,Week 2: Image/Post Generation is live — Creates social post copy and prompt packs for image model rendering.
x,Auto-stack update: Image/Post Generation now outputs 15 social captions
linkedin,Week 3: SaaS Landing Page Templates is live — Builds reusable landing page copy blocks and pricing sections per niche.
x,Auto-stack update: SaaS Landing Page Templates now outputs hero options
linkedin,Week 4: Sales & Marketing Flows is live — Prepares outreach messages, drip sequences, and coupon campaign copy.
x,Auto-stack update: Sales & Marketing Flows now outputs cold email sequence
linkedin,Week 5: Finance & KPI Reports is live — Produces weekly executive snapshots and monthly deep-dive report inputs.
x,Auto-stack update: Finance & KPI Reports now outputs weekly CSV
